Provinsi/Kabupaten/Kota,,,,,,
,Pengeluaran per Kapita yang Disesuaikan menurut Jenis Kelamin (Ribu Rupiah/Orang/Tahun),,,,,
,Laki-laki,,,Perempuan,,
,2013,2014,2015,2013,2014,2015
ACEH,11795.15,11884.15,11936.79,6821.87,7269.08,7410.72
Simeulue,9469.57,10015.13,10150.47,2741.63,3006.92,3075.52
Aceh Singkil,12205.08,12768.2,12991.59,4631.43,5165.91,5252.24
Aceh Selatan,9746.18,9766.14,9836.99,6012.77,6206.89,6320.25
Aceh Tenggara,10088.14,10161.81,10236.23,6566.17,6810.15,6901.16
Aceh Timur,11825.98,11961.53,12048.36,4949.18,5007.55,5113.5
Aceh Tengah,9604.86,9643.3,9743.41,8383.03,8383.98,8495
Aceh Barat,11796.71,11921.36,12141.39,4939.37,5031.33,5099.58
Aceh Besar,11524.73,11160.68,11244.82,7931.41,8073.63,8193.82
Pidie,10994.49,11473.87,11704.21,7527.16,8267.36,8347.81
Bireuen,9943.8,10063.85,10091.31,6425.41,7069.61,7434.05
Aceh Utara,9176.66,9337.8,9464.35,6114.23,6245.79,6363.51
Aceh Barat Daya,11619.36,12662.94,12811.93,5444.43,6052.88,6143.27
Gayo Lues,11444.26,11718.01,11879.47,6330.31,6804.27,6894.48
Aceh Tamiang,13650.01,14444.1,14517.1,3929.9,4205.41,4337.85
Nagan Raya,10779.5,10879.42,11043.51,4885.69,5936.32,6044.67
Aceh Jaya,13826.88,13874.48,13952.96,5538.66,6779.26,6814.26
Bener Meriah,11687.03,11773.55,11800.02,9552.69,9638.51,9705.28
Pidie Jaya,11494.31,12083.53,12383.45,8642.94,9185.08,9275.97
Kota Banda Aceh,16981.51,17666.52,17916.41,13056.23,13673.65,14040.12
Kota Sabang,12053.94,12168.78,12295.23,8485.64,9630.71,9661.41
Kota Langsa,13429.91,13609.91,13775,9481.99,9574.68,9860.91
Kota Lhokseumawe,12416.95,13021.12,13042.17,8581.37,9514.97,9658.78
Kota Subulussalam,9564.54,10404.85,10498.62,4428.44,4468.87,4593.8
SUMATERA UTARA,13713.9,13796.54,13863.21,7505.84,7587.43,7718.99
Nias,6748.31,6814.01,7090.69,4767.22,5666.36,5771.48
Mandailing Natal,13773.75,13856.36,14004.49,8462.99,8650.77,8772.53
Tapanuli Selatan,15700.96,15923.29,16041.72,8282.52,8368.68,8423.97
Tapanuli Tengah,12466.47,12631.42,12652.62,9289.33,9102.64,9265.72
Tapanuli Utara,10891.56,10969.88,11683.33,10520.29,10946.11,10962.33
Toba Samosir / Toba,11213.88,11250.19,12060.81,10462.3,11025.89,11362.12
Labuhan Batu,16106.53,16336.18,16392.5,7615.74,8199.82,8244.47
Asahan,15091.98,15114.42,15137.28,6606.18,8197.19,8301.32
Simalungun,15401.92,15553.26,15660.8,8523.94,9115.57,9460.7
Dairi,9696.91,9752.74,10028.76,8983.22,9557.14,9618.12
Karo,13022.46,13343.44,13457.29,9621.38,9778.83,9839.54
Deli Serdang,16166.52,16880.42,17189.29,8757.02,8895.94,9335.12
Langkat,15462.69,15780.59,15896.61,6643.14,6812.44,7068.79
Nias Selatan,9771.86,9862.59,9912.98,5845.71,5906.86,5928.17
Humbang Hasundutan,6737.52,6796.55,7257.86,5813.26,6263.82,6321.73
Pakpak Bharat,7410.39,7925.16,7959.96,6850.2,7204.08,7301.31
Samosir,8615.49,8758.72,8899.5,7385.01,7511.58,7663.21
Serdang Bedagai,15361.05,15718.42,15806.57,6854.89,7150.3,7223.48
Batu Bara,15159.63,15292.23,15422.36,4340.35,4626.15,4838.38
Padang Lawas Utara,14600.07,14752.81,14898.06,4744.82,6093.26,6148.74
Padang Lawas,12163.69,12288.02,12441.86,4669.55,4759.02,4867.54
Labuhan Batu Selatan,17117.53,17216.35,17228.61,6725.35,6799.53,7001.39
Labuhan Batu Utara,16918.88,17105.59,17246.78,8147.8,8258.53,8280.15
Nias Utara,8695.15,8762.37,8831.99,3191.67,3494.95,3619.46
Nias Barat,6997.27,7464.73,7658.31,4403.38,4775.05,4903.52
Kota Sibolga,11839.86,11971.1,12381,9580.66,10426.93,10500.04
Kota Tanjung Balai,15933.71,16557.68,16657.93,6870.11,7443.55,7563.44
Kota Pematang Siantar,12682.45,12891.66,12966.6,10156.5,11091.88,11267.1
Kota Tebing Tinggi,15269.41,16024.15,16124.36,9793.95,10041.58,10321.62
Kota Medan,20189.99,20581.77,20732.15,12827.82,13306.36,13521.68
Kota Binjai,14760.69,14956.68,15122.85,7760.51,8131,8241.53
Kota Padangsidimpuan,11241.88,11570.03,11622.4,9171.41,9532.03,9642.8
Kota Gunungsitoli,9470.63,9727.72,10005.03,5828.11,6360.21,6464.58
SUMATERA BARAT,13500.6,13576.01,13631.01,8310.09,8988.62,9083.63
Kepulauan Mentawai,7523.44,7782.52,8287.12,4849.71,5271.81,5309.13
Pesisir Selatan,10629.81,10761.13,11061.65,7177.92,8209.57,8234.22
Solok,12342.02,12489.8,12984.54,8055.29,9099.49,9149.4
Sijunjung,14328.57,14734.93,14954.14,7839.83,8778.18,8903.97
Tanah Datar,11695.5,11841.33,11878.06,9520.82,9696.77,9718.44
Padang Pariaman,14867.47,15178.66,15303.06,9073.72,9234,9278.3
Agam,10711.69,10869.58,10922.65,8006.43,8384.27,8536.82
Lima Puluh Kota,11859.68,11950.04,12148.31,7247.42,8305.82,8459.86
Pasaman,10207.42,10331.71,10446.09,6227.48,6466.55,6517.87
Solok Selatan,12392.63,12807.23,12909.38,6959.7,8702.46,8736.95
Dharmasraya,15767.48,15777.84,16165,7081.52,7245.93,7283.81
Pasaman Barat,11658.17,11736.14,11908.74,5332.14,5786.77,5901.98
Kota Padang,19562.48,19805.19,19927.61,11583.76,12238.86,12287.15
Kota Solok,14015.1,14404.18,14469.19,10444.67,10568.31,10679.46
Kota Sawah Lunto,12203.32,12349.48,12522.05,8354.31,8660.91,8682.39
Kota Padang Panjang,9988.82,10039.59,10123.63,8122.32,8219.89,8360.91
Kota Bukittinggi,13078.87,13140.24,13191.74,11215.58,12015.13,12100.94
Kota Payakumbuh,13630.67,14107.14,14162.83,11596.2,12293.71,12485.31
Kota Pariaman,12712.34,12973.25,13126.06,10890.82,11077.3,11339.98
RIAU,15433.53,15447.17,15794.26,6618.77,6926.38,6956.46
Kuantan Singingi,14360.4,14423.67,14492.25,6811.65,7390.35,7414.74
Indragiri Hulu,15397.09,15429.32,15511.79,5461.61,6074.27,6140.78
Indragiri Hilir,15613.87,15952.02,16156.35,4688.38,4884.36,4893.94
Pelalawan,17730.64,18083.2,18354.8,6538.34,7941.03,7965.25
Siak,16981.71,18074.94,18155.83,7805.42,7937.24,8089.41
Kampar,16227.89,16255.86,16274.46,7653.6,7917.34,7938.68
Rokan Hulu,15312.24,15449.56,15843.97,4752.95,4838.58,4887.54
Bengkalis,16710.2,16797.49,16892.54,7004.99,7614.1,7700.26
Rokan Hilir,13904.06,14003.41,14627.67,5032.68,5335.58,5338.99
Kepulauan Meranti,10219.02,10684.87,10940.06,4646.3,4821.82,4904.49
Kota Pekanbaru,20173,20363.34,20444.15,11330.77,12405.83,12492.95
Kota Dumai,15922.01,16428.15,16663.28,7694.8,8073.97,8149.4
JAMBI,13710.95,13933.38,14013.26,6579.62,6822.35,6841.43
Kerinci,13212.85,13758.15,13842.16,6154.42,6420.04,6502.05
Merangin,13288.01,13483.34,13525.79,6374.69,6427.79,6456.57
Sarolangun,15434.03,15572.53,15843.51,8052.9,9435.81,9501.41
Batang Hari,14524.03,14656.7,14764.38,5199.81,5489.52,5550.29
Muaro Jambi,11639.55,11710.04,11845.85,3384.36,3410.44,3480.46
Tanjung Jabung Timur,12050.58,12445.39,12736.4,4651.85,5506.4,5521.79
Tanjung Jabung Barat,12068.44,12438.06,12552.45,4840.31,5013.13,5052.69
Tebo,13403.29,13643.24,13696.05,6015.62,7574.7,7748.98
Bungo,15828.16,16004.03,16249.95,6655.97,7944.79,8054.38
Kota Jambi,13629.42,13813.32,14085.77,9198.14,10302.86,10405.93
Kota Sungai Penuh,11349.5,11420.49,11652.25,9168.9,9242.23,9391.44
SUMATERA SELATAN,12922,13021.67,13275.16,7914.57,8339.84,8479.04
Ogan Komering Ulu,12885.39,13361.17,13371.57,6824.05,8625.02,8677.85
Ogan Komering Ilir,14049.31,14517.63,14585.44,8219.07,8391.66,8544.1
Muara Enim,13272.25,13457.2,13475.26,6605.75,7308.54,7343.09
Lahat,11602.57,11753.69,11766.15,8097.35,8556.92,8691.09
Musi Rawas,13393.69,13482.95,13738.76,5426.76,5542.82,5606.72
Musi Banyuasin,13522.35,13969.17,14120.49,3672.72,4509.52,4557.88
Banyu Asin,12520.64,12561.14,12683.29,5974.04,6303.27,6404.99
Ogan Komering Ulu Selatan,10642.51,10827.12,10870.51,6049.19,6775.39,6820.45
Ogan Komering Ulu Timur,13098.37,13988.39,14135.36,9597.23,10606.97,10755.3
Ogan Ilir,9568.66,9633.17,9802.72,9310.43,10389.7,10394.7
Empat Lawang,12173.52,12328.38,12432.57,7715.65,8199.27,8286.8
Penukal Abab Lematang Ilir,9904.35,9908.91,10101.8,6774.15,6780.64,6829.52
Musi Rawas Utara,12897.12,12902.94,13049.67,8586.97,8749.38,8785.67
Kota Palembang,15496.73,15639.83,15816.09,12423.84,13608.16,13714.81
Kota Prabumulih,16300.03,17409.23,17645.38,10641.17,11392.12,11480.56
Kota Pagar Alam,9611.95,10035.7,10222.84,6781.79,7184.4,7217.66
Kota Lubuklinggau,14669.41,15649.15,15961.31,11240.82,12090.54,12130.84
BENGKULU,12493.33,12653.46,12753.06,7366.4,7489.39,7492.37
Bengkulu Selatan,11672.94,11954.27,12195.64,7956.27,8749.46,8796.72
Rejang Lebong,12247.52,12376.07,12555.63,8125.49,8447.12,8459.06
Bengkulu Utara,13146.5,13553.6,13645.26,7889.46,8046.67,8134.61
Kaur,10684.87,10884.02,10962.34,5286.71,5524.57,5560.83
Seluma,10250.59,10724.57,10918.01,4412.6,4577.53,4674.94
Mukomuko,14298.44,14303.44,14368.42,5207.1,5292.88,5378.41
Lebong,15705.19,15873.7,16030.98,8763.75,8846.88,8964.88
Kepahiang,10558.43,10630.78,10701.27,8305.52,8325.14,8411.43
Bengkulu Tengah,12151.8,12249.6,12383.88,4499.27,5543.84,5615.52
Kota Bengkulu,14828.14,14967.99,15127.33,10506.45,11716.41,11740.42
LAMPUNG,12068.24,12201.1,12458.87,6469.76,6761.94,6898.42
Lampung Barat,11373.28,11458.01,11469.02,7489.26,7557.69,7635.03
Tanggamus,11557.69,11851.05,11918.69,6282.72,6479.61,6537.45
Lampung Selatan,12133.8,12473.32,12601.11,6240.34,6456.41,6472
Lampung Timur,12893.1,13479.61,13680.53,6617.6,7113.28,7166.69
Lampung Tengah,14424.19,14540.99,14627.45,7605.89,7684.39,7704.43
Lampung Utara,10930.12,11259.05,11338.52,5502.96,5708.53,5757.91
Way Kanan,12323.58,12390.56,12511.34,6005.15,6036.44,6098.82
Tulangbawang,14542.24,14600.64,14642.65,6520.4,7140.52,7375.7
Pesawaran,9977.04,10479.52,10790.19,4726.06,5024.09,5028.66
Pringsewu,13457.86,13932.1,13964.46,8617.63,8685.57,8696.03
Mesuji,10116.46,10203.69,10374.47,3872.73,4177.92,4246.78
Tulang Bawang Barat,10304.62,10339.8,10402.7,4886.58,5133.37,5272.02
Pesisir Barat,8748.9,8849.21,8978.46,6120.51,7036.81,7112.86
Kota Bandar Lampung,14747.49,15414.61,15505.45,9918.08,10386.59,10577.17
Kota Metro,12882.34,13016.22,13160.99,10217.28,10507.24,10516.06
KEP. BANGKA BELITUNG,17464.28,17507.48,17669.74,7924.22,8085.2,8231.72
Bangka,15831.93,15936.78,16009.82,6823.31,7318.99,7345.24
Belitung,18223.32,18514.44,18527.48,7574.27,8091.12,8217.04
Bangka Barat,16552.53,16671.9,16701.83,7669.69,8298.81,8442.77
Bangka Tengah,17202.64,17636.42,17810.17,9209.88,9790.87,9934.01
Bangka Selatan,16861.34,17074.09,17165.17,5458.79,5609.61,5763.54
Belitung Timur,15828.94,16033.67,16333.73,5915.14,6241.01,6266.58
Kota Pangkal Pinang,20122.44,20187.69,20194.08,12834.06,13160.47,13344.5
KEPULAUAN RIAU,18453.58,18679.47,18921.21,11157.37,11625.05,11680.87
Karimun,16645.13,17224.24,17426.13,9181.34,9252,9341.18
Bintan,19791.57,19803.08,20045.89,10816.85,11414.22,11520.68
Natuna,19262.39,19458.05,19646.53,10566.18,10823.75,10833.3
Lingga,16221.44,16474.77,16544.2,8408.17,9104.67,9256.46
Kepulauan Anambas,16176.49,16280.47,16366.65,8259.22,8292.9,8613.87
Kota Batam,24083.44,24576.6,24691.65,14889.87,16031.85,16173.09
Kota Tanjung Pinang,16291.75,17141.32,17356.93,11665.69,14021.91,14196.51
DKI JAKARTA,20741.16,20757.69,20761.3,15598.35,15876.09,16080.73
Kep. Seribu,15349.92,16054.1,16107.58,10812.74,10887.55,11077.58
Kota Jakarta Selatan,25727.63,25883.64,25951.29,21318.53,22006.64,22090.31
Kota Jakarta Timur,20713.96,20727.59,20798.49,15036.95,16130.14,16176.57
Kota Jakarta Pusat,16319.77,16730.25,17719.16,15718.46,15830.89,16072.9
Kota Jakarta Barat,21217.2,21931.19,22029.25,18202.09,18328.2,18601.04
Kota Jakarta Utara,24004.17,24505.47,24673.7,16100.7,16226.84,16554.58
JAWA BARAT,13787.95,13820.73,13829.94,7147.48,7181.46,7343.01
Bogor,13151.51,13228.33,13354.43,7000.47,7526.71,7704.67
Sukabumi,11578.38,11862.57,11866.76,5414.98,5765.41,5854.15
Cianjur,10085.79,10115.47,10223.9,4103.42,4186.45,4238.67
Bandung,12287.68,12661.2,12760.38,8103.97,8126.94,8360.38
Garut,9489.43,9739.39,9874.35,3514.24,3884.41,3942.17
Tasikmalaya,10369.87,10382.84,10480.5,4118.66,4474.88,4550.79
Ciamis,12365.58,12713.09,12823.99,5041.29,5718.1,5726.65
Kuningan,11952.12,12535.77,12618.52,5692.59,5948.44,6051.31
Cirebon,13999.75,14359.74,14466.44,4401.1,4629.63,4719.12
Majalengka,12605.22,12637.44,12680.13,5078.84,5339.48,5505.33
Sumedang,12339.87,12361.16,12419.38,4704.63,8790.28,8854.14
Indramayu,12685,13014.41,13047.91,6184.53,6586,6597.78
Subang,13760.88,13790.72,13861.39,6671.02,7500.03,7599.26
Purwakarta,15841.91,16208.66,16323.64,6269.49,6658.68,6708.18
Karawang,13658.62,13887.71,13938,7561.23,7994.64,8041.99
Bekasi,15233.91,15817.66,15873.53,7288.04,7439.49,7569.59
Bandung Barat,11521.26,11605.86,11727.36,3183.05,3398.3,3421.44
Pangandaran,11931.78,11943.62,12062.78,5791.3,6239.06,6372.13
Kota Bogor,15160.72,15748.39,15864.87,8635.48,8836.15,8884.32
Kota Sukabumi,13480.68,13582.65,13615.92,8576.52,9209.72,9339.11
Kota Bandung,20421.85,20742.94,20846.81,14798.75,14944.94,15049.06
Kota Cirebon,14432.36,14526.84,14627.97,9097.04,10111.53,10317.34
Kota Bekasi,20081.45,20493.73,20574.12,14145.6,14244.55,14247.14
Kota Depok,20562.95,20998.56,21016.87,12032.29,12847.76,12902.4
Kota Cimahi,14624.95,14888.12,14949.85,8582.58,9676.8,9735.48
Kota Tasikmalaya,11405.01,11598.09,11634.7,6055.64,6815.76,6987.11
Kota Banjar,14701.49,14759.21,14826.75,6189.81,6487.68,6498.58
JAWA TENGAH,13285.55,13344.82,13469.18,8787.87,8944.66,9000.7
Cilacap,13596.83,13788.85,13864.81,6122.58,6642.28,6654.51
Banyumas,14302.59,14386.7,14554.11,6849.42,6950.1,7046.56
Purbalingga,11857.67,11862.27,12054.15,7468.5,8502.6,8600.23
Banjarnegara,8729.33,8787.2,8849.29,6073.43,7176.82,7266.1
Kebumen,10144.73,10305.6,10462.01,7315.12,7528.72,7595.78
Purworejo,9978.75,10168.8,10271.54,8703.65,9104.91,9247.27
Wonosobo,13103.39,13158.72,13285.5,8226.21,8421.04,8709.52
Magelang,11714.91,11799.03,11806.57,7378.24,7402.43,7557.08
Boyolali,15369.56,15755.07,15900.92,11142.15,11484.65,11635.43
Klaten,12113.86,12117.48,12213.94,10418.8,10894.16,10908.19
Sukoharjo,10957.72,11067.82,11169.75,9949.68,10102.46,10316.76
Wonogiri,11315.89,11393.9,11476.05,7487.45,7720.35,7733.72
Karanganyar,10782.78,10895.91,10921.85,9828.21,10307.67,10369.14
Sragen,14829.2,15131.5,15420.4,10301.07,10401.05,10551.38
Grobogan,13935.47,13985.65,14108.16,6798.24,6879.15,6951.94
Blora,12566.26,12744.32,12778.68,5328.67,5423.49,5534.1
Rembang,13304.99,13615.41,13747.92,6039.71,6350.23,6495.61
Pati,12719.21,12744.82,13040.22,8717.25,8738.84,8969.23
Kudus,13780.92,13910.57,13923.32,9257.38,9762.44,9824.76
Jepara,12791.36,13087.57,13133.01,7386.82,7760.47,7881.22
Demak,12855.47,13109.26,13166.36,7519.73,7890.84,7937.93
Semarang,11317.65,11341.66,11392.35,10512.07,10584.18,10742.13
Temanggung,9557.88,9666.01,9771.66,7985.77,8010.12,8132.84
Kendal,13387.13,13623.04,13660.43,9599,9866.66,9991.29
Batang,10924.3,11070.69,11130.17,6925.62,7130.57,7367.58
Pekalongan,12641.4,12825.83,12913.22,7660.65,7746.14,7849.55
Pemalang,10122.45,10457.86,10655.26,4864.61,5106.7,5161.34
Tegal,12409.9,12485.31,12722.54,6028.41,6527.49,6683.88
Brebes,12979.04,13124.39,13180.34,6024.03,6298.68,6340.31
Kota Magelang,11678.15,11867.86,12004.59,10123.44,10265.32,10651.35
Kota Surakarta,13173.3,13254.25,13694.44,12203.75,12546.85,12622.44
Kota Salatiga,17917.82,18270.64,18304.96,13504.79,14097.89,14376.75
Kota Semarang,14035.42,14429.26,14493.38,12584.76,12684.82,12852
Kota Pekalongan,14829.09,14931.57,14964,10686.74,10806.26,11001.23
Kota Tegal,16150.36,16368.38,16436.79,10216.84,11117.93,11192.89
D I YOGYAKARTA,14586.79,14635.44,15010.95,11725.13,12207.27,12293.83
Kulon Progo,11256.14,11424.48,11470.21,7979.16,8206.99,8395.91
Bantul,16405.54,16463.14,16548.62,13135.58,13547.77,13825.45
Gunung Kidul,13732.94,13969.77,14005.32,5295.6,5550.91,5610.38
Sleman,15115.63,15402.22,15462.1,13405.02,13978.82,14218.6
Kota Yogyakarta,15839.66,15892.87,16616.79,16981.16,18061.85,18087.96
JAWA TIMUR,14246.26,14286.6,14579.32,8678.09,9206.52,9264.48
Pacitan,11305.89,11875.76,11922.08,4329.92,5010.48,5078.38
Ponorogo,10758.02,10999.29,11229.28,7898.93,8138.68,8358.12
Trenggalek,12146.67,12358.03,12412.56,7705.21,8353.95,8403.67
Tulungagung,11396.42,11477.59,11507.49,9353.56,9473.15,9483.98
Blitar,13283.46,13492.9,13700.46,7394.58,8264.31,8426.17
Kediri,13918.02,13950.8,14103.61,8846.7,9317.45,9343.66
Malang,13021.8,13034.01,13092.61,6440.11,6515.65,6614.13
Lumajang,11918.18,11981.92,12074.98,5550.21,6447.61,6530.68
Jember,12352.54,12635.95,12772.82,5411.66,5567.28,5673.93
Banyuwangi,16180.42,16566.05,16785.13,6603.51,7018.57,7126.32
Bondowoso,12729.04,12917.86,12992.76,8221.51,8412.16,8623.95
Situbondo,12475.95,13003.62,13247.96,6281.19,6678.93,6782.12
Probolinggo,15239.36,15291.53,15478.3,6777.33,6961.64,6999.24
Pasuruan,11365.49,11553.03,11647.78,7241.07,7538.57,7575.48
Sidoarjo,17399.66,17805.77,17907.57,11934.37,12352.9,12563.85
Mojokerto,15837.73,15992.34,16190.21,9237.52,9838.33,10066.12
Jombang,14217.84,14221.73,14429.36,7553.39,7691.46,7914.56
Nganjuk,14896.19,14942.58,15179.25,10619.31,10619.31,10660.62
Madiun,14583.5,14759.97,14797.96,8801.63,8847.5,9034.81
Magetan,13223.31,13274.83,13415.83,10092.76,10185.48,10474.26
Ngawi,14317.89,14496.05,14703.22,8960.64,9026.74,9201.78
Bojonegoro,12678.16,12944.27,13013.45,7116.57,7395.94,7667.35
Tuban,13166.34,13236.35,13379.41,6658.74,6742.56,6775.36
Lamongan,14212.29,14417.71,14681.2,6642.36,7232.04,7363.55
Gresik,17169.33,17311.95,17573.72,8892.34,9258.97,9365.13
Bangkalan,10998.62,11035.07,11179.73,5395.14,5936.98,6135.45
Sampang,11568.97,11608.02,11632.92,5499.47,5997.7,6033.53
Pamekasan,10915.48,11123.85,11285.44,5437.28,5701.89,5822.74
Sumenep,10882.82,11327.3,11609.66,4039.7,4344.31,4378.4
Kota Kediri,13036.22,13215.57,13363.47,10262.29,10609,10711.53
Kota Blitar,12440.22,12717.09,12828.18,10480.55,11643.81,11946.96
Kota Malang,17949.52,18142.97,18261.27,15009.24,15225.76,15411.21
Kota Probolinggo,10113.69,10340.32,10568.44,9972.75,10130.74,10307.5
Kota Pasuruan,11746.3,11799.14,12167.54,10814.93,11404.71,11497.85
Kota Mojokerto,15387.94,15425.35,15534.44,11365.22,11466.6,11766.71
Kota Madiun,19433.72,19623.46,19798.18,14264.44,14264.95,14323.03
Kota Surabaya,18315.23,18405.14,19046.83,14547.89,14632.49,14655.99
Kota Batu,15642.59,16017.71,16484.17,7596.74,8387.41,8428.17
BANTEN,15838.25,15870.34,16092.55,9153.21,9651.11,9728.96
Pandeglang,11714.62,11895.32,12497.38,4731.77,5364.63,5457.79
Lebak,11758.49,11968.15,12210.09,3539.21,3739.06,3759.06
Tangerang,16233.71,16465.32,16971.72,9882.51,10159.85,10187.59
Serang,13812.16,13814.94,14304.39,8469.12,9134.04,9145.84
Kota Tangerang,17470.42,17643.8,17863.05,13293.83,13454.84,13542.66
Kota Cilegon,18758.94,19025.59,19233.27,7155.86,7157.17,7397.15
Kota Serang,17043.1,17263.01,17627.15,11274.31,11408.5,11658.43
Kota Tangerang Selatan,19942.65,20016.73,20498.17,13644.91,13834.05,13872.57
BALI,15361.97,15468.95,15751.16,12480.86,12804.89,12903.31
Jembrana,12782.56,12841.77,13029.71,10656.27,10887.06,10958.63
Tabanan,13736.07,13787.33,13808.32,12788.78,12905.11,12986.11
Badung,18093.34,18153.35,18272.27,15649.51,15984.14,16297.29
Gianyar,14333.31,14598.13,15357.01,12776.19,13071.07,13088.41
Klungkung,13484.36,13485.41,13563.72,9927.63,10171.17,10439.89
Bangli,13958.98,14019.04,14123.12,9768.13,10113.19,10266.59
Karangasem,13132.27,13567.83,13579.99,8121.03,8341.92,8375.59
Buleleng,17152.37,17401.99,17525.51,11392.57,11462.93,11820
Kota Denpasar,19687.74,19759.46,20366.37,17792.91,18469.7,18487.68
NUSA TENGGARA BARAT,12710.3,12762.41,12780.81,7965.76,8083.25,8321.2
Lombok Barat,14968.93,15796.02,15834.26,8794.96,9399.17,9622.32
Lombok Tengah,13074.07,13146.28,13210.77,6500.62,6872.95,7040.11
Lombok Timur,10225.16,10307.94,10328.4,7208.48,7248.96,7404.08
Sumbawa,9112.04,9229.03,9588.97,6936.05,7313.72,7609.48
Dompu,11078.64,11324.01,11361.79,6361.83,6767.11,6930.17
Bima,9445.07,9573.03,9640.21,6719.89,6924.96,6976.02
Sumbawa Barat,12984.5,13242.13,13826.82,7888.52,9915.86,10114.99
Lombok Utara,11164.41,11347.12,11676.88,5099.87,5563.88,5716.91
Kota Mataram,16523.84,16828.05,16935.56,11090.54,11881.51,12139.35
Kota Bima,10411.04,10498.51,10546.36,8701.05,9235.21,9359.65
NUSA TENGGARA TIMUR,9529.52,9576.65,9715.59,6365.15,6721.54,6783.16
Sumba Barat,7993.55,8177.97,8264.76,6377.12,6706.3,6766.04
Sumba Timur,10748.27,10775.66,10868.36,8068.17,8703.39,8879.81
Kupang,9971.8,10001.96,10070.47,4919.52,5086.91,5294.77
Timor Tengah Selatan,7826,7980.98,8202.12,5386.11,5482.87,5563.32
Timor Tengah Utara,6722.04,6782.49,6799.56,5087.42,5426.7,5443.73
Belu,7631.79,7703.77,7783.62,5699.88,7011.44,7032.73
Alor,8220.01,8278.45,8386.87,5827.13,6087.82,6169.21
Lembata,9329.81,9407.34,9447.91,6182.37,6482.23,6548.86
Flores Timur,9671.41,9677.19,9712.77,6404.52,6754.17,6826.52
Sikka,11515.86,11605.84,11698.7,5544.87,5921.86,5966.97
Ende,8953,9011.14,9215.89,7882.15,8339.66,8363.52
Ngada,9971.05,10061.37,10112.02,7604.04,7945.34,7985.19
Manggarai,9788.15,9830.86,10055.09,5305.85,5341.24,5366.72
Rote Ndao,8296.48,9089.49,9148.44,3926.51,4109.88,4201.68
Manggarai Barat,9804.07,10347.89,10544.14,5483.51,5557.29,5745.66
Sumba Tengah,7711.36,7802.63,7901.75,4586.92,4725.06,4775
Sumba Barat Daya,5860.17,5959,6085.04,5737.89,5792.1,5811.57
Nagekeo,7714.34,7755.34,7902.06,7995.75,8096.33,8104.14
Manggarai Timur,6811.39,7030.01,7079.86,3723.2,4558.79,4649.85
Sabu Raijua,5834.69,6141.42,6265.91,4035.68,4297.09,4378.58
Malaka,7682.87,7707.19,7768.91,4228.57,4572.29,4736.09
Kota Kupang,14775.99,14875.11,14967.01,11272.36,12401.27,12742.61
KALIMANTAN BARAT,12268.3,12340.72,12366.37,5307.62,5652.8,5680.09
Sambas,13390.25,13774.31,13818.6,6141.7,6628.5,6649.51
Bengkayang,12294.31,12137.24,12331.09,4270.67,4351.31,4381.9
Landak,9025.22,9120.32,9137.25,4947.73,5089.48,5158.17
Mempawah,10638.34,10792.84,11221.3,5110.85,5468.87,5495.49
Sanggau,11386.41,11505.07,11671.09,2213.04,4011.21,4054.3
Ketapang,11686.56,11705.22,11721,5075.91,6262.27,6276.46
Sintang,11888.32,11946.5,12061.77,5440.5,5600.7,5618.21
Kapuas Hulu,9322.96,9420.28,9557.67,4205.59,4576.47,4617.33
Sekadau,10197.82,10334.26,10489.32,3538.9,3952.16,4042.31
Melawi,12004.72,12301.37,12793.91,3596.43,3959.67,3992.83
Kayong Utara,9751.43,9873.17,9924.53,4720.22,4879.78,4930.04
Kubu Raya,12755.02,12816.51,12835.71,4813.29,4978.76,5034.86
Kota Pontianak,18238.44,18376.68,18446.14,12829.83,13062.01,13312.83
Kota Singkawang,15435.51,15684.22,15691.03,8216.45,9058,9278.05
KALIMANTAN TENGAH,14108.45,14167.65,14198.26,7080.64,7150.5,7326.75
Kotawaringin Barat,17313.57,17387.47,17452.95,8535.03,10626.33,10781.94
Kotawaringin Timur,16054.21,16189.78,16201.97,5546.68,7484.33,7694.56
Kapuas,11061.59,11162.96,11651.66,9254.43,9681.2,9698.71
Barito Selatan,14148.48,14350.49,14492.77,9145.85,9471.36,9535.35
Barito Utara,11183.32,12950.99,12978.33,5179.23,5787.93,5946.04
Sukamara,9946.63,10026.82,10093.84,6534.08,6848.34,6867.42
Lamandau,13841.67,13903.4,14045.17,7840.69,8235.08,8357.79
Seruyan,11977.84,12205.04,12255.56,5953.61,6096.64,6289.63
Katingan,14322.06,14739.16,14793.17,5474.08,5739.74,5781.1
Pulang Pisau,11908.71,11937.46,11941.97,6332.49,7023.62,7106.92
Gunung Mas,13683.73,14106.03,14169.32,7242.72,7660.28,7790.99
Barito Timur,15389.93,15411.07,15560.94,7713.11,8077.01,8111.84
Murung Raya,14434.67,14615.79,14710.3,4894.76,5322.94,5511.52
Kota Palangka Raya,16498.23,16665.33,16701.43,11966.27,12495.44,12542.84
KALIMANTAN SELATAN,16170.61,16311.16,16471.47,7840.28,7887.64,8170.24
Tanah Laut,15784.21,15891.94,16167.77,6907.7,7471.82,7523.47
Kotabaru,16528.8,16549.18,16599.23,5431.17,5751.65,5899.55
Banjar,17195.33,17600.22,17961.23,10067.02,10890.34,10952.32
Barito Kuala,12899.74,12912.06,13047.48,6883.79,7178.41,7374.54
Tapin,16298.21,16523.72,16579.21,5850.06,5905.39,6031.1
Hulu Sungai Selatan,16499.43,16650.81,16681.39,7040.21,7547.95,7719.28
Hulu Sungai Tengah,11760.83,12047.1,12193.27,10135.73,10938.78,10969.64
Hulu Sungai Utara,11471.5,11780.67,11882.02,7347.6,7383.53,7405.23
Tabalong,16139.2,16187.28,16207.42,5875.86,6001.57,6201.61
Tanah Bumbu,17092.45,17203.53,17406.5,5511.51,6697.36,6776.42
Balangan,14953.32,15012.69,15157.71,9552.86,10543.98,10638.23
Kota Banjarmasin,15990.86,16127.29,16273.63,11435.61,11911.61,12268.26
Kota Banjar Baru,17688.24,17833.32,17880.78,11472.55,11931.69,12166.83
KALIMANTAN TIMUR,16918.55,17074.22,17420.17,6283.5,6407.81,6501.61
Paser,16376.31,16499.63,16547.25,2468.91,2520.15,2570.52
Kutai Barat,13982.73,14179.38,14394.31,5420.25,5445.11,5457.4
Kutai Kartanegara,15377.41,16227.02,16980.44,3920.77,4197.04,4249.49
Kutai Timur,14925.22,15293.24,16131.24,3322.52,3393.3,3479.85
Berau,17112.01,17565.19,17877.48,6802.33,6873.44,7001.33
Penajam Paser Utara,16187.63,16471.94,16555.35,6061.82,6631.7,6761.99
Mahakam Ulu,11335.27,11391.64,11657.74,3475.75,4070.88,4092.05
Kota Balikpapan,20616.74,20780.16,21192.38,8235.21,9955.18,10133.4
Kota Samarinda,20020.91,20396.64,20576.1,9063.4,9406.76,9588.8
Kota Bontang,24206.73,24876.69,25141.9,8446.91,9162.81,9235.54
KALIMANTAN UTARA,11335.27,11391.64,11657.74,3475.75,4070.88,4092.05
Malinau,13477.49,13980.02,14150.18,4720.19,4828.42,4873.43
Bulungan,13795.71,13850.17,13956.8,4140.85,5938.29,6016.08
Tana Tidung,9887.06,10166.86,10271.69,3383.98,3456.73,3526.05
Nunukan,8834.42,8955.78,9109.88,3576.84,3742.96,3797.75
Kota Tarakan,14694.05,14750.13,15012.5,8556.55,9019.5,9198.49
SULAWESI UTARA,13265.87,13382.09,13465.31,8386.59,8913.81,9206.08
Bolaang Mongondow,13633.26,13690.92,13882.02,5562.83,5800.33,5907.83
Minahasa,13963.98,14232.57,14267.5,10126.74,10581.7,10759.99
Kepulauan Sangihe,13581.43,13667.79,13781.82,8372.02,8609.9,8820.89
Kepulauan Talaud,8255.8,8517.94,8568.35,7469.98,7482.16,7595.39
Minahasa Selatan,15191.88,15290.71,15541.11,6576.13,6693.4,6732.11
Minahasa Utara,12764.93,12944.28,13049.36,9097.84,9926.31,10019.67
Bolaang Mongondow Utara,13253.22,13783.78,14049.9,4206.6,4748.51,4942.32
Siau Tagulandang Biaro,11206.83,11621.85,11756.25,4868.3,5093.68,5179.08
Minahasa Tenggara,13186.37,13608.27,14056.89,6614.72,7450.99,7694.46
Bolaang Mongondow Selatan,12811.11,13166.59,13486.89,2908.71,3564.68,3661.85
Bolaang Mongondow Timur,11222.28,11457.78,11524.03,5760.86,5791.11,6105.78
Kota Manado,14816.69,14786,15129.11,12098.92,12155.07,12267.46
Kota Bitung,15874.52,16010.46,16046.26,9554.22,9710.35,9923.22
Kota Tomohon,11185.96,11307.38,11345.1,9789.95,9790.65,10245.9
Kota Kotamobagu,11679.56,12904.97,13311,8814.7,8992.36,9327.29
SULAWESI TENGAH,11580.71,11623.33,12204.35,7139.12,7338.1,7477.34
Banggai Kepulauan,9454.81,10274.82,10552.42,6182.61,6927.94,7063.92
Banggai,12403.74,13117.95,13270.64,7105.08,7169.19,7279.14
Morowali,15253.91,15703.22,15777.7,5808.95,5999.02,6039.59
Poso,8806.46,8854.8,9106.28,6414.03,7271.68,7529.25
Donggala,9926.87,9961.65,10384.7,4791.37,5323.47,5432.49
Toli-Toli,9943.79,10157.81,10308.56,4909.32,5504.53,5717.82
Buol,10593.17,10956.17,11094.52,4982.56,5282.77,5341.22
Parigi Moutong,10842.88,11423.8,11972.58,6634.49,6951.4,7221.9
Tojo Una-Una,9668.88,10526.78,10756.51,5656.96,5958.86,6154.03
Sigi,9402.19,9479.17,9908.98,6711.33,6906.74,6951.41
Banggai Laut,9655.92,9977.19,10209.46,6932.14,7025.45,7199.49
Morowali Utara,9256.97,9549.96,9884.09,6997.75,8177.55,8317.61
Kota Palu,14818.21,14845.48,14951.81,13606.39,14179.75,14421.38
SULAWESI SELATAN,13577.37,14068.78,14249.67,8692.25,8950.51,9029.79
Kepulauan Selayar,11418.88,12004.04,12347.55,6570.47,6979.76,6999.18
Bulukumba,11702.63,11875.08,12119.67,8287.27,9473.42,9736.62
Bantaeng,10398.47,10515.19,10613.86,8172.28,8295.36,8526.16
Jeneponto,12318.32,12382.09,13038.74,6868.79,7607.76,7680.04
Takalar,13883.14,14197.49,14689.51,5760.09,6200.91,6218.36
Gowa,12350.97,12567.57,13198.74,5247.14,5895.55,5912.5
Sinjai,8713.45,8727.43,8895.57,7991.05,8071.5,8176.58
Maros,13926.44,14098.52,14408.01,6912.47,7228.43,7251.29
Pangkajene dan Kepulauan,15712.22,15900.68,16131.85,8038.49,8650.47,8750.52
Barru,11780.7,12540.27,12548.63,8951.56,9657.75,9700.49
Bone,11025.51,11194.99,11203.05,6554.87,6825.17,7005.59
Soppeng,9393.88,9400.86,9806.97,8244.7,8444.27,8581.62
Wajo,17266.34,17697.08,18291.35,8308.37,8532.35,8836.04
Sidenreng Rappang,16016.74,16062.15,16642.11,8520.18,9003.66,9331.28
Pinrang,13440.49,13584.04,13966.69,9640.94,9640.94,9745.87
Enrekang,9612.4,9783.34,10004.47,8847.8,9059.63,9342.67
Luwu,12497.73,12678.77,13055.9,7334.5,7394.43,7688.48
Tana Toraja,8973.84,9060.74,9278.32,4425.22,4534.42,4580.96
Luwu Utara,14532.68,14738.31,14959.53,7258.49,7405.12,7655.53
Luwu Timur,17845.31,17903.68,18271.97,8139.85,8537.66,8662.02
Toraja Utara,9509.16,9668.17,10030.48,4349.63,4449.66,4486.52
Kota Makasar,18536.91,18547.07,18871.82,12072.35,12381.48,12491.41
Kota Parepare,14153.86,14300.75,14750.79,12467.39,12624.17,12804.94
Kota Palopo,13977.68,14077.48,14525.8,10482.27,11195.79,11295.79
SULAWESI TENGGARA,12354.32,12366.46,12468.55,6688.37,6966.05,7117.73
Buton,11035.2,11081.78,11420.64,3765.12,4262.48,4363.58
Muna,10795.76,10976.39,11372.79,5434.94,5749.95,5934.17
Konawe,12779.63,13396.72,13573.15,8397.41,8688.38,8868.79
Kolaka,16906.43,17025.94,17140.75,7876.21,8090.05,8177.98
Konawe Selatan,12002.15,12292.91,12298.43,4682.84,5745.47,5849.61
Bombana,10752.35,10875.57,11278.63,4230.27,4350.02,4459.58
Wakatobi,12229.39,12283.56,12294.78,6446.77,6621.58,6642.88
Kolaka Utara,9834.24,9850.55,10059.53,8720.72,9317.57,9334.04
Buton Utara,8856.09,9146.05,9234.49,5353.18,6344.59,6559.82
Konawe Utara,11894.7,12402.94,12573.88,5440.75,5544.65,5601.81
Kolaka Timur,7997.23,7032.61,7152.37,5950.54,7924.27,7931.1
Konawe Kepulauan,7815.81,8783.48,9391.23,3638.42,4211.52,4342.53
Muna Barat,0,9653.05,9726.13,0,5715.65,5806.96
Buton Tengah,0,10752.29,10870.81,0,4096.07,4231.99
Buton Selatan,0,12019.02,12387.13,0,2685.38,2728.29
Kota Kendari,15610.25,15688.51,16047.24,12043.82,12159.5,12256.3
Kota Baubau,13557.01,13697.02,14285.33,7658.41,7707.83,7844.63
GORONTALO,12356.71,12988.3,13015.77,4302.53,4522.45,4634.03
Boalemo,10891.56,11893.41,12138.92,2886.89,3192.7,3249.59
Gorontalo,11975.67,12745.52,12970.57,2937.81,3325.44,3450.2
Pohuwato,11263.78,11631.93,11698.15,5693.36,6138.11,6182.72
Bone Bolango,12335.57,12844.36,12867.48,4028.91,4472.69,4533.84
Gorontalo Utara,11772.78,12617.61,12641.11,2873.52,3246.3,3290.8
Kota Gorontalo,15857.89,16742.58,16812.64,5147.56,5511.99,5680.02
SULAWESI BARAT,11863.26,11868.96,11976.96,6204.8,6287.24,6407.86
Majene,10690.27,10920.85,11231.43,8342.23,8561.98,8571.57
Polewali Mandar,10175.45,10502.8,10528.11,6314.22,6400.39,6435.93
Mamasa,7108.46,7317.86,7589.89,6613.97,6995.13,7101.78
Mamuju,10961.34,11000.7,11156.23,5769.68,5900.24,5973.28
Mamuju Utara / Pasangkayu,15545.61,15564.61,15634.06,4881.56,5619.69,5683.65
Mamuju Tengah,10759.27,11092.06,11208.74,4176.08,4504.75,4671.88
MALUKU,10853.63,10873.88,10988.67,6928.65,7097.22,7216.58
Maluku Tenggara Barat / Kepulauan Tanimbar,7322.05,7571.96,7687.17,3485.85,3604.82,3611.15
Maluku Tenggara,7521.34,7651.71,7781.18,6337.13,6606.86,6631.61
Maluku Tengah,10155.68,10337.49,10380.13,9164.13,9208.43,9218.07
Buru,14957.13,15200.14,15320.37,7380.87,8052.7,8166.64
Kepulauan Aru,10146.36,10261.77,10359.7,4409.01,5198.77,5311.95
Seram Bagian Barat,7775.15,7791.28,7965.29,7621.19,7736,7837.09
Seram Bagian Timur,11409.42,11732.11,11827.07,5742.17,6291.21,6442.16
Maluku Barat Daya,8313.27,8629.1,8801.89,4066.12,4913.02,5054.47
Buru Selatan,11556.31,11860.42,12205.68,4543.25,5494.03,5562.25
Kota Ambon,15061.1,15188.61,15260.92,11745.44,12567.88,12876.19
Kota Tual,9548.46,9647.76,9792.14,4649.79,4706.7,4820.08
MALUKU UTARA,10813.34,11162.3,11507.91,5711.59,6064.54,6396.73
Halmahera Barat,8880.27,9376.98,9712.01,4832.38,5346.73,5439.17
Halmahera Tengah,9874.95,9890.56,9922.21,5351.79,5917.51,6015.42
Kepulauan Sula,8309.25,8549.08,8673.23,5370.4,6042.96,6204.59
Halmahera Selatan,9937.17,10013.04,10243.93,4966.27,5094.14,5284.34
Halmahera Utara,10132.41,10538.71,10571.49,5471.41,5836.24,6244.89
Halmahera Timur,11176.37,11504.76,11532.5,3627.71,4108.19,4129.33
Pulau Morotai,8975.43,9571.85,9979.09,1854.32,1878.76,2133.87
Pulau Taliabu,10431.34,10532.79,10950.08,4007.95,4206.69,4226.69
Kota Ternate,16687.2,16597.18,16830.3,9702.02,9798.85,9817.52
Kota Tidore Kepulauan,8665.21,8799.59,8976.58,6529.84,7319.47,7355.23
PAPUA BARAT,10011.42,10123.31,10232.57,4819.39,4968.19,5106.52
Fakfak,9199.42,9927.43,10240.84,4048.37,4246.31,4356.3
Kaimana,10001.29,10229.74,10462.4,4694.45,4899.02,5110.58
Teluk Wondama,11076.02,11202.54,11519.86,3434.57,3887.73,3997.3
Teluk Bintuni,12462.91,12812.07,12816.71,5306.16,5848.61,6108.51
Manokwari,15744.72,16609.61,16778.99,6965.54,7164.42,7265.45
Sorong Selatan,6829.52,6931.37,7037.17,3265.26,3534.26,3608.62
Sorong,9059.13,9133.39,9301.33,4018.41,4580.79,4708.63
Raja Ampat,10814.47,10964.12,10981.04,3158.96,3480.56,3510.26
Tambrauw,6728.72,7413.29,7596.53,2043.61,2180.47,2267.39
Maybrat,6492.39,6744.39,6754.81,2790.49,2966.66,3009.03
Manokwari Selatan,6152.14,7753.93,8058.2,1619.5,1801.08,1859.38
Pegunungan Arfak,6655.4,6167.69,6177.21,2534.65,3938.34,3994.58
Kota Sorong,17552.5,17965.02,18544.23,9669.16,10139.19,10149.13
PAPUA BARAT DAYA,-,-,-,-,-,-
Raja Ampat,-,-,-,-,-,-
Sorong,-,-,-,-,-,-
Sorong Selatan,-,-,-,-,-,-
Maybrat,-,-,-,-,-,-
Tambrauw,-,-,-,-,-,-
Kota Sorong,-,-,-,-,-,-
PAPUA,9687.08,9701.55,9981.37,3528.81,3694.06,3765.71
Merauke,15393.27,15620.86,15963.88,7557.46,7897.63,7943.68
Jayawijaya,7424.06,7533.56,7679.28,4681.6,5034.25,5122.86
Jayapura,13339.59,13506.96,13974.5,8716.34,8876.07,9002.57
Nabire,13695.47,13812.16,13980.86,7727.68,8347.91,8452.48
Kepulauan Yapen,10590.76,10672.51,10822.43,6209.36,6437.31,6499.64
Biak Numfor,13398.84,13467.05,14025.76,8142.82,8475.73,8603.84
Paniai,9508.25,9751.65,9934.44,2206.11,2252.86,2261.9
Puncak Jaya,7659.65,7710.62,7880.62,1896.91,1964.23,1989.85
Mimika,17544.37,18030.52,18219.01,3854.19,3868.81,3928.94
Boven Digoel,11644.83,11649.35,11867.39,3796.67,3995.85,4053.11
Mappi,8815.39,8984.3,9108.72,3989.02,4232.27,4318.7
Asmat,9344.93,9461.84,9637.33,1350.38,1401.78,1434.05
Yahukimo,7463.01,7655.41,7941.82,2647.38,3104.46,3161.04
Pegunungan Bintang,7662.78,7464.6,7655.13,3974.54,4190.84,4280.34
Tolikara,7812.04,7816.92,7967.22,1720.01,1721.52,1733.46
Sarmi,9184.62,9189.52,9356.33,3877.09,4280.04,4356.11
Keerom,12344.45,12409.58,12623.94,5543.79,6619.9,6675.32
Waropen,9406.81,9766.26,9959.53,2168.82,2217.22,2253.41
Supiori,7414.86,7651.11,7847.61,2530.25,2800.48,2883
Mamberamo Raya,6113.73,6371.14,6552.22,3199.19,3543.45,3606.42
Nduga,3173.14,3191.33,3612.04,4149.31,4163.75,4170.53
Lanny Jaya,3781.5,3826.04,3960.88,4715.68,5278.32,5288.5
Mamberamo Tengah,3578.54,3694.36,4045.07,4283.12,4375.05,4384.43
Yalimo,6121.7,6562.29,6774.38,2669.53,4240.15,4250.94
Puncak,5097.26,5146.55,5189.98,4166.23,4206.51,4224.18
Dogiyai,7511.73,7615.41,7892.09,2880.59,3158.89,3230.29
Intan Jaya,6822.71,6869.04,7093.34,2989.49,3061.67,3074.53
Deiyai,5974.01,5993.24,6205.32,2132.12,2347.89,2357.76
Kota Jayapura,16931.92,17011.09,17406.34,13057.1,13345.47,13401.53
PAPUA SELATAN,-,-,-,-,-,-
Merauke,-,-,-,-,-,-
Boven Digoel,-,-,-,-,-,-
Mappi,-,-,-,-,-,-
Asmat,-,-,-,-,-,-
PAPUA TENGAH,-,-,-,-,-,-
Mimika,-,-,-,-,-,-
Dogiyai,-,-,-,-,-,-
Deiyai,-,-,-,-,-,-
Nabire,-,-,-,-,-,-
Paniai,-,-,-,-,-,-
Intan Jaya,-,-,-,-,-,-
Puncak,-,-,-,-,-,-
Puncak Jaya,-,-,-,-,-,-
PAPUA PEGUNUNGAN,-,-,-,-,-,-
Nduga,-,-,-,-,-,-
Jayawijaya,-,-,-,-,-,-
Lanny Jaya,-,-,-,-,-,-
Tolikara,-,-,-,-,-,-
Mamberamo Tengah,-,-,-,-,-,-
Yalimo,-,-,-,-,-,-
Yahukimo,-,-,-,-,-,-
Pegunungan Bintang,-,-,-,-,-,-
INDONESIA,14131.7,14150.08,14163.15,8189.48,8316.46,8464.16